Age,SAPSIIIScore,Gender
0.0,0.20260823329303979,0.47009876717818166
0.20260823329303979,0.0,0.48880176953239607
0.47009876717818166,0.48880176953239607,0.0
