Age,SAPSIIIScore,Gender
0.0,0.21069183980679862,0.473545966228893
0.21069183980679862,0.0,0.4880876527035237
0.473545966228893,0.4880876527035237,0.0
