Age,SAPSIIIScore,Gender
0.0,0.18634023358917617,0.463343685300207
0.18634023358917617,0.0,0.47470658333796045
0.463343685300207,0.47470658333796045,0.0
