Age,SAPSIIIScore,Gender
0.0,0.278812125553489,0.4691358024691359
0.278812125553489,0.0,0.5194087703703558
0.4691358024691359,0.5194087703703558,0.0
