Age,SAPSIIIScore,Gender
0.0,0.21577475337276908,0.4610886096875517
0.21577475337276908,0.0,0.4837915952928318
0.4610886096875517,0.4837915952928318,0.0
