Age,SAPSIIIScore,Gender
0.0,0.18575697281699954,0.4656867588932806
0.18575697281699954,0.0,0.47220299161978674
0.4656867588932806,0.47220299161978674,0.0
