Age,SAPSIIIScore,Gender
0.0,0.21762885730984416,0.457306992891387
0.21762885730984416,0.0,0.48382547040862933
0.457306992891387,0.48382547040862933,0.0
