Age,SAPSIIIScore,Gender
0.0,0.1991714743020302,0.4527257594673324
0.1991714743020302,0.0,0.47790432734399224
0.4527257594673324,0.47790432734399224,0.0
