Age,SAPSIIIScore,Gender
0.0,0.24769156209473764,0.46268532400466444
0.24769156209473764,0.0,0.5021557458070626
0.46268532400466444,0.5021557458070626,0.0
