{
    "1": {
        "test_acc": 0.7989949584007263,
        "roc_auc": 0.840596654327616,
        "aucpr": 0.5698448026249673,
        "f1_score": 0.5535714285714285,
        "sensitivity": 0.7209302325581395,
        "specificity": 0.8153098420413123,
        "inference_time": 0.0008945465087890625,
        "training_time": null
    },
    "2": {
        "test_acc": 0.808040201663971,
        "roc_auc": 0.817218045112782,
        "aucpr": 0.5404838463316708,
        "f1_score": 0.5064599483204135,
        "sensitivity": 0.7,
        "specificity": 0.8257309941520468,
        "inference_time": 0.0009198188781738281,
        "training_time": null
    },
    "3": {
        "test_acc": 0.713567852973938,
        "roc_auc": 0.8111126977327177,
        "aucpr": 0.49626448087825503,
        "f1_score": 0.4444444444444444,
        "sensitivity": 0.7651006711409396,
        "specificity": 0.7044917257683215,
        "inference_time": 0.0010750293731689453,
        "training_time": null
    },
    "4": {
        "test_acc": 0.7889447212219238,
        "roc_auc": 0.8239733239733238,
        "aucpr": 0.4890005093293047,
        "f1_score": 0.5,
        "sensitivity": 0.7094594594594594,
        "specificity": 0.8028335301062574,
        "inference_time": 0.0008788108825683594,
        "training_time": null
    },
    "5": {
        "test_acc": 0.7447236180305481,
        "roc_auc": 0.8124476047904192,
        "aucpr": 0.5279704451889815,
        "f1_score": 0.4816326530612245,
        "sensitivity": 0.7375,
        "specificity": 0.7461077844311377,
        "inference_time": 0.0005888938903808594,
        "training_time": null
    },
    "6": {
        "test_acc": 0.7748743891716003,
        "roc_auc": 0.8194238851173157,
        "aucpr": 0.5051472380500719,
        "f1_score": 0.4536585365853658,
        "sensitivity": 0.6788321167883211,
        "specificity": 0.7902097902097902,
        "inference_time": 0.0008690357208251953,
        "training_time": null
    },
    "7": {
        "test_acc": 0.745728611946106,
        "roc_auc": 0.7954372564544425,
        "aucpr": 0.4838669441307825,
        "f1_score": 0.4761904761904761,
        "sensitivity": 0.7516339869281046,
        "specificity": 0.7446555819477435,
        "inference_time": 0.0011470317840576172,
        "training_time": null
    },
    "8": {
        "test_acc": 0.7869346737861633,
        "roc_auc": 0.8301442239040412,
        "aucpr": 0.5686714040362301,
        "f1_score": 0.5,
        "sensitivity": 0.7114093959731543,
        "specificity": 0.8002364066193853,
        "inference_time": 0.000993967056274414,
        "training_time": null
    },
    "9": {
        "test_acc": 0.7979899644851685,
        "roc_auc": 0.8356062874251496,
        "aucpr": 0.5571613125822926,
        "f1_score": 0.5379310344827586,
        "sensitivity": 0.73125,
        "specificity": 0.8107784431137725,
        "inference_time": 0.0008759498596191406,
        "training_time": null
    },
    "10": {
        "test_acc": 0.7316582798957825,
        "roc_auc": 0.8293033144525361,
        "aucpr": 0.5248306853220001,
        "f1_score": 0.4627766599597586,
        "sensitivity": 0.7718120805369127,
        "specificity": 0.7245862884160756,
        "inference_time": 0.0006384849548339844,
        "training_time": null
    }
}