Age,SAPSIIIScore,Gender
0.0,0.27983538016716103,0.48777891955372876
0.27983538016716103,0.0,0.5289143598309506
0.48777891955372876,0.5289143598309506,0.0
